Ejari Contract Number,Registration Date,Start Date,End Date,Version,Area,Contract Amount,Annual Amount,Is Free Hold?,Property Size (sq.m),Property Type,Property Sub Type,Number of Rooms,Usage,Nearest Metro,Nearest Mall,Nearest Landmark,Parking,No of Units,Master Project,Project
"0120140603003581","2023-08-06 16:51:54","2023-08-15 00:00:00","2024-08-14 00:00:00","Renewed","Mankhool","82000","82000","Non Free Hold","141.4","Unit","Flat","","Residential","Burjuman Metro Station","Dubai Mall","Burj Khalifa","","1","",""
"0120140720001591","2023-08-06 17:28:13","2023-08-25 00:00:00","2024-08-24 00:00:00","Renewed","Mankhool","81900","81900","Non Free Hold","140","Unit","Flat","","Residential","Burjuman Metro Station","Dubai Mall","Burj Khalifa","","1","",""
"0120150713001187","2023-08-06 16:00:05","2023-08-01 00:00:00","2024-07-31 00:00:00","Renewed","Mirdif","100000","100000","Non Free Hold","1","Villa","Villa","","Residential","Rashidiya Metro Station","City Centre Mirdif","Dubai International Airport","1","1","",""
"0120170601000382","2023-08-06 16:39:12","2023-08-01 00:00:00","2024-07-31 00:00:00","Renewed","Al Mararr","21850","21850","Non Free Hold","23.78","Unit","Flat","","Residential","Baniyas Square Metro Station","Dubai Mall","Dubai International Airport","","1","",""
"0120180401002949","2023-08-06 16:46:23","2023-08-08 00:00:00","2024-08-07 00:00:00","Renewed","Al Barsha First","53000","53000","Non Free Hold","70.05","Unit","Flat","","Residential","First Abu Dhabi Bank Metro Station","Mall of the Emirates","Burj Al Arab","","1","",""
"0120180402001006","2023-08-06 18:58:32","2023-02-01 00:00:00","2024-01-31 00:00:00","Renewed","Al Mararr","28000","28000","Non Free Hold","19.6","Unit","Shop","","Commercial","Baniyas Square Metro Station","Dubai Mall","Dubai International Airport","","1","",""
"0120180405003686","2023-08-06 15:33:17","2023-03-01 00:00:00","2024-02-29 00:00:00","Renewed","Ras Al Khor Industrial Third","33000","33000","Free Hold","86","Unit","Flat","","Residential","Rashidiya Metro Station","City Centre Mirdif","Dubai International Airport","","1","",""
"0120180507001002","2023-08-06 16:58:02","2023-05-05 00:00:00","2024-05-04 00:00:00","Renewed","Al Karama","39600","39600","Non Free Hold","51.1","Unit","Flat","","Residential","ADCB Metro Station","Dubai Mall","Burj Khalifa","","1","",""
"0120180529002867","2023-08-06 17:14:57","2023-08-05 00:00:00","2024-08-04 00:00:00","Renewed","Al Warsan First","54000","54000","Free Hold","103.06","Unit","Flat","","Residential","Rashidiya Metro Station","City Centre Mirdif","","","1","",""
"0120180628002891","2023-08-06 15:17:58","2023-07-01 00:00:00","2024-06-30 00:00:00","Renewed","Al Mararr","27500","27500","Non Free Hold","24","Unit","Shop","","Commercial","Baniyas Square Metro Station","Dubai Mall","Dubai International Airport","","1","",""
"0120180716002281","2023-08-06 19:24:35","2023-08-01 00:00:00","2024-07-31 00:00:00","Renewed","Mirdif","90000","90000","Non Free Hold","450","Villa","Villa","","Residential","Rashidiya Metro Station","City Centre Mirdif","Dubai International Airport","2","1","",""
"0120180718001422","2023-08-06 17:14:02","2023-09-01 00:00:00","2024-08-31 00:00:00","Renewed","Al Murqabat","67500","67500","Non Free Hold","26.76","Unit","Shop","","Commercial","Al Rigga Metro Station","Dubai Mall","Dubai International Airport","","1","",""
"0120180801000764","2023-08-06 18:16:28","2023-08-15 00:00:00","2024-08-14 00:00:00","Renewed","Al Warqa First","40000","40000","Non Free Hold","93","Unit","Flat","","Residential","Rashidiya Metro Station","City Centre Mirdif","Dubai International Airport","","1","",""
"0120180804000811","2023-08-06 16:37:19","2023-08-10 00:00:00","2024-08-09 00:00:00","Renewed","Nadd Hessa","58000","58000","Free Hold","109","Unit","Flat","","Residential","","","IMG World Adventures","","1","",""
"0120180804001467","2023-08-06 18:44:21","2023-08-20 00:00:00","2024-08-19 00:00:00","Renewed","Al Nahda Second","33000","33000","Non Free Hold","55.93","Unit","Flat","","Residential","Al Nahda Metro Station","City Centre Mirdif","Dubai International Airport","","1","",""
"0120180806002925","2023-08-06 17:13:20","2023-08-01 00:00:00","2024-07-31 00:00:00","Renewed","Al Qusais Industrial Second","39900","39900","Non Free Hold","1","Unit","Flat","","Residential","Airport Free Zone","City Centre Mirdif","Dubai International Airport","","1","",""
"0120180911002023","2023-08-06 16:43:18","2023-09-05 00:00:00","2024-09-04 00:00:00","Renewed","Al Nahda Second","34500","34500","Non Free Hold","1","Unit","Flat","","Residential","STADIUM Metro Station","City Centre Mirdif","Dubai International Airport","","1","",""
"0120190527000313","2023-08-06 15:37:07","2023-01-01 00:00:00","2023-12-31 00:00:00","Renewed","Naif","50250","50250","Non Free Hold","14.91","Unit","Shop","","Commercial","Baniyas Square Metro Station","Dubai Mall","Dubai International Airport","","1","",""
"0120190615001398","2023-08-06 17:07:41","2023-09-01 00:00:00","2024-08-31 00:00:00","Renewed","Al Murqabat","40250","40250","Non Free Hold","0","Unit","Flat","","Residential","Abu Baker Al Siddique Metro Station","Dubai Mall","Dubai International Airport","","1","",""
"0120190618000987","2023-08-06 16:34:53","2023-08-20 00:00:00","2024-08-19 00:00:00","Renewed","Al Mararr","21850","21850","Non Free Hold","26.11","Unit","Flat","","Residential","Baniyas Square Metro Station","Dubai Mall","Dubai International Airport","","1","",""
"0120190622000599","2023-08-06 17:18:10","2023-07-01 00:00:00","2024-06-30 00:00:00","Renewed","Al Nahda First","60000","60000","Non Free Hold","142.05","Unit","Flat","","Residential","STADIUM Metro Station","City Centre Mirdif","Dubai International Airport","","1","",""
"0120190626001400","2023-08-06 17:40:06","2023-08-01 00:00:00","2024-07-31 00:00:00","Renewed","Al Warqa First","43000","43000","Non Free Hold","132.74","Unit","Flat","","Residential","Rashidiya Metro Station","City Centre Mirdif","Dubai International Airport","","1","",""
"0120190627004356","2023-08-06 20:31:11","2023-08-01 00:00:00","2024-07-31 00:00:00","Renewed","Hor Al Anz","27000","27000","Non Free Hold","1","Unit","Flat","","Residential","Abu Baker Al Siddique Metro Station","City Centre Mirdif","Dubai International Airport","","1","",""
"0120190710003720","2023-08-06 16:16:03","2023-07-10 00:00:00","2024-07-09 00:00:00","Renewed","Naif","50000","50000","Non Free Hold","220","Unit","Shop","","Commercial","Baniyas Square Metro Station","Dubai Mall","Dubai International Airport","","1","",""
"0120190716002621","2023-08-06 17:19:36","2023-08-01 00:00:00","2024-07-31 00:00:00","Renewed","Al Barsha First","82000","82000","Non Free Hold","128.02","Unit","Flat","","Residential","Sharaf Dg Metro Station","Mall of the Emirates","Burj Al Arab","","1","",""
"0120190804003262","2023-08-06 20:52:23","2023-08-18 00:00:00","2024-08-17 00:00:00","Renewed","Jabal Ali First","15000","15000","Free Hold","19.5","Unit","Flat","","Residential","Ibn Battuta Metro Station","Ibn-e-Battuta Mall","Sports City Swimming Academy","","1","",""
"0120190818003692","2023-08-06 15:57:37","2023-09-01 00:00:00","2024-08-31 00:00:00","Renewed","Me'Aisem First","23500","23500","Free Hold","33.68","Unit","Flat","","Residential","Damac Properties","Marina Mall","Sports City Swimming Academy","","1","","LAKESIDE"
"0120191120003163","2023-08-06 20:04:32","2023-08-01 00:00:00","2024-07-31 00:00:00","Renewed","Al Rashidiya","85000","85000","Non Free Hold","2010","Villa","Complex Villas","","Residential","Rashidiya Metro Station","City Centre Mirdif","Dubai International Airport","2","1","",""
"0120200521001717","2023-08-06 18:02:16","2023-08-01 00:00:00","2024-07-31 00:00:00","Renewed","Al Mararr","21850","21850","Non Free Hold","31.77","Unit","Flat","","Residential","Baniyas Square Metro Station","Dubai Mall","Dubai International Airport","","1","",""
"0120200530000212","2023-08-06 19:22:35","2023-08-15 00:00:00","2023-11-14 00:00:00","Renewed","Al Barsha First","11550","46200","Non Free Hold","78","Unit","Flat","","Residential","Sharaf Dg Metro Station","Mall of the Emirates","Burj Al Arab","","1","",""
"0120200630002993","2023-08-06 16:38:46","2023-07-31 00:00:00","2024-07-30 00:00:00","Renewed","Jumeirah First","85000","85000","Non Free Hold","54.35","Unit","Shop","","Commercial","Emirates Towers Metro Station","Dubai Mall","Burj Khalifa","","2","",""
"0120200630002993","2023-08-06 16:38:46","2023-07-31 00:00:00","2024-07-30 00:00:00","Renewed","Jumeirah First","85000","85000","Non Free Hold","51.1","Unit","Shop","","Commercial","Emirates Towers Metro Station","Dubai Mall","Burj Khalifa","","2","",""
"0120200705003633","2023-08-06 20:28:15","2023-07-05 00:00:00","2024-07-04 00:00:00","Renewed","Hor Al Anz","44000","44000","Non Free Hold","23.41","Unit","Shop","","Commercial","Abu Baker Al Siddique Metro Station","City Centre Mirdif","Dubai International Airport","","1","",""
"0120200719004018","2023-08-06 16:09:45","2023-07-19 00:00:00","2024-07-18 00:00:00","Renewed","Naif","50000","50000","Non Free Hold","210","Unit","Shop","","Commercial","Baniyas Square Metro Station","Dubai Mall","Dubai International Airport","","1","",""
"0120200809000611","2023-08-06 16:31:20","2023-09-01 00:00:00","2024-08-31 00:00:00","Renewed","Al Barsha First","46000","46000","Non Free Hold","62","Unit","Flat","","Residential","Sharaf Dg Metro Station","Mall of the Emirates","Burj Al Arab","","1","",""
"0120200813007841","2023-08-06 15:38:57","2023-11-16 00:00:00","2024-11-15 00:00:00","Renewed","Nadd Hessa","30000","30000","Free Hold","40.82","Unit","Flat","","Residential","","","IMG World Adventures","","1","",""
"0120200815001235","2023-08-06 14:41:27","2023-09-20 00:00:00","2024-09-19 00:00:00","Renewed","Al Barshaa South Third","50000","50000","Free Hold","74.33","Unit","Flat","","Residential","Sharaf Dg Metro Station","Mall of the Emirates","Motor City","","1","",""
"0120200817001483","2023-08-06 16:37:45","2023-08-20 00:00:00","2024-08-19 00:00:00","Renewed","Al Thanyah First","66000","66000","Free Hold","102.19","Unit","Flat","","Residential","Dubai Internet City","Mall of the Emirates","Burj Al Arab","","1","",""
"0120200928003732","2023-08-06 17:08:52","2023-08-01 00:00:00","2024-07-31 00:00:00","Renewed","Al Nahda First","75000","75000","Non Free Hold","99.96","Unit","Office","","Commercial","STADIUM Metro Station","City Centre Mirdif","Dubai International Airport","","1","",""
"0120210131001224","2023-08-06 20:21:32","2022-08-20 00:00:00","2024-08-19 00:00:00","Renewed","Muhaisanah Fourth","80000","40000","Non Free Hold","10","Unit","Flat","","Residential","Al Qusais Metro Station","City Centre Mirdif","Dubai International Airport","","1","",""
"0120210203001109","2023-08-06 15:41:37","2023-04-04 00:00:00","2024-04-03 00:00:00","Renewed","Al Raffa","70000","70000","Non Free Hold","128","Unit","Flat","","Residential","Al Fahidi Metro Station","Dubai Mall","Burj Khalifa","","1","",""
"0120210428002301","2023-08-06 17:36:36","2023-05-01 00:00:00","2024-04-30 00:00:00","Renewed","Naif","58000","58000","Non Free Hold","12.57","Unit","Shop","","Commercial","Baniyas Square Metro Station","Dubai Mall","Dubai International Airport","","1","",""
"0120210522000114","2023-08-06 14:43:41","2023-07-01 00:00:00","2024-06-30 00:00:00","Renewed","Wadi Al Safa 5","38500","38500","Free Hold","74.95","Unit","Flat","","Residential","","","IMG World Adventures","","1","",""
"0120210601001265","2023-08-06 15:36:21","2023-06-10 00:00:00","2023-09-09 00:00:00","Renewed","Al Satwa","20000","80000","Free Hold","120.95","Unit","Flat","","Residential","Emirates Towers Metro Station","Dubai Mall","Burj Khalifa","","1","",""
"0120210621004510","2023-08-06 18:10:48","2023-08-01 00:00:00","2024-07-31 00:00:00","Renewed","Al Warsan First","40000","40000","Free Hold","63.1","Unit","Flat","","Residential","Rashidiya Metro Station","City Centre Mirdif","","","1","",""
"0120210624003564","2023-08-06 19:03:02","2023-07-31 00:00:00","2024-07-30 00:00:00","Renewed","Wadi Al Safa 7","150150","150150","Free Hold","181.01","Villa","Villa","3","Residential","","","Motor City","","1","","AR II - Reem Community"
"0120210701003415","2023-08-06 16:41:55","2023-07-25 00:00:00","2024-07-24 00:00:00","Renewed","Al Mamzer","58000","58000","Non Free Hold","146.52","Unit","Flat","","Residential","Al Qiyadah Metro Station","City Centre Mirdif","Dubai International Airport","","1","",""
"0120210703000375","2023-08-06 17:26:37","2023-08-15 00:00:00","2024-08-14 00:00:00","Renewed","Al Nahda First","38850","38850","Non Free Hold","69.2","Unit","Flat","","Residential","STADIUM Metro Station","City Centre Mirdif","Dubai International Airport","","1","",""
"0120210705000237","2023-08-06 14:55:36","2023-08-10 00:00:00","2024-08-09 00:00:00","Renewed","Oud Metha","49500","49500","Non Free Hold","98.2","Unit","Flat","","Residential","","","","","1","",""
"0120210705002783","2023-08-06 20:43:07","2023-08-05 00:00:00","2024-08-04 00:00:00","Renewed","Al Warqa First","45000","45000","Non Free Hold","65.4","Unit","Flat","","Residential","Rashidiya Metro Station","City Centre Mirdif","Dubai International Airport","","1","",""
"0120210707004857","2023-08-06 21:47:14","2023-08-05 00:00:00","2024-08-04 00:00:00","Renewed","Al Satwa","38500","38500","Non Free Hold","47.1","Unit","Flat","","Residential","Trade Centre Metro Station","Dubai Mall","Burj Khalifa","","1","",""
"0120210711001297","2023-08-06 16:30:54","2023-07-15 00:00:00","2024-07-14 00:00:00","Renewed","Al Hamriya","25000","25000","Non Free Hold","1","Unit","Flat","","Residential","Al Fahidi Metro Station","Dubai Mall","Dubai International Airport","","1","",""
"0120210711001459","2023-08-06 16:57:40","2023-08-25 00:00:00","2024-08-24 00:00:00","Renewed","Al Karama","45100","45100","Non Free Hold","78.97","Unit","Flat","","Residential","ADCB Metro Station","Dubai Mall","Burj Khalifa","","1","",""
"0120210715001309","2023-08-06 15:24:35","2023-08-01 00:00:00","2024-07-31 00:00:00","Renewed","Nadd Hessa","26450","26450","Free Hold","33.63","Unit","Flat","","Residential","","","IMG World Adventures","","1","",""
"0120210726004298","2023-08-06 16:23:36","2023-08-01 00:00:00","2024-07-30 00:00:00","Renewed","Nad Al Hamar","12000","12032.35","Free Hold","10.41","Unit","Office","","Commercial","Rashidiya Metro Station","City Centre Mirdif","Dubai International Airport","","1","",""
"0120210727003369","2023-08-06 14:54:51","2023-09-10 00:00:00","2024-09-09 00:00:00","Renewed","Al Thanyah First","73000","73000","Free Hold","79.3","Unit","Flat","","Residential","Dubai Internet City","Mall of the Emirates","Burj Al Arab","","1","",""
"0120210802001831","2023-08-06 20:13:44","2023-08-05 00:00:00","2024-08-04 00:00:00","Renewed","Muhaisanah Fourth","32000","32000","Non Free Hold","10","Unit","Flat","","Residential","Al Qusais Metro Station","City Centre Mirdif","Dubai International Airport","","1","",""
"0120210803002660","2023-08-06 16:25:03","2023-08-10 00:00:00","2024-08-09 00:00:00","Renewed","Mankhool","65000","65000","Non Free Hold","133.97","Unit","Flat","","Residential","Burjuman Metro Station","Dubai Mall","Dubai International Airport","","1","",""
"0120210805003562","2023-08-06 15:52:09","2023-08-07 00:00:00","2024-08-06 00:00:00","Renewed","Business Bay","75000","75000","Free Hold","87.48","Unit","Flat","","Residential","Buj Khalifa Dubai Mall Metro Station","Dubai Mall","Downtown Dubai","","1","","LA RESIDENCE 3 AT THE LOTUS"
"0120210805003562","2023-08-06 15:52:09","2023-08-07 00:00:00","2024-08-06 00:00:00","Renewed","Business Bay","75000","75000","Free Hold","87.48","Unit","Flat","","Residential","Buj Khalifa Dubai Mall Metro Station","Dubai Mall","Downtown Dubai","","1","","LA RESIDENCE 4 AT THE LOTUS"
"0120210805003562","2023-08-06 15:52:09","2023-08-07 00:00:00","2024-08-06 00:00:00","Renewed","Business Bay","75000","75000","Free Hold","87.48","Unit","Flat","","Residential","Buj Khalifa Dubai Mall Metro Station","Dubai Mall","Downtown Dubai","","1","","DAMAC TOWERS BY PARAMOUNT"
"0120210807000252","2023-08-06 17:47:48","2023-09-05 00:00:00","2024-09-04 00:00:00","Renewed","Al Nahda First","52500","52500","Non Free Hold","113.08","Unit","Flat","","Residential","STADIUM Metro Station","City Centre Mirdif","Dubai International Airport","","1","",""
"0120210807001764","2023-08-06 17:18:59","2023-08-15 00:00:00","2024-08-14 00:00:00","Renewed","Al Muteena","37400","37400","Non Free Hold","55","Unit","Flat","","Residential","Salah Al Din Metro Station","Dubai Mall","Dubai International Airport","","1","",""
"0120210815004553","2023-08-06 20:17:58","2023-08-25 00:00:00","2024-08-24 00:00:00","Renewed","Muhaisanah Fourth","28000","28000","Non Free Hold","10","Unit","Flat","","Residential","Al Qusais Metro Station","City Centre Mirdif","Dubai International Airport","","1","",""
"0120210816001534","2023-08-06 22:24:09","2023-08-01 00:00:00","2024-07-31 00:00:00","Renewed","Al Thanyah Third","110000","110000","Free Hold","191.83","Unit","Flat","","Residential","Dubai Internet City","Marina Mall","Burj Al Arab","","1","",""
"0120210816003836","2023-08-06 15:54:00","2023-08-23 00:00:00","2024-08-22 00:00:00","Renewed","Al Barshaa South Third","29000","29000","Free Hold","42.8","Unit","Flat","","Residential","Sharaf Dg Metro Station","Mall of the Emirates","Motor City","","1","",""
"0120210816003939","2023-08-06 17:24:57","2023-08-20 00:00:00","2024-08-19 00:00:00","Renewed","Oud Metha","32500","32500","Non Free Hold","37.8","Unit","Flat","","Residential","Oud Metha Metro Station","Dubai Mall","Burj Khalifa","","1","",""
"0120210821001721","2023-08-06 18:02:56","2023-09-01 00:00:00","2024-08-31 00:00:00","Renewed","Al Raffa","40900","40900","Non Free Hold","58.08","Unit","Flat","","Residential","Al Fahidi Metro Station","Dubai Mall","Burj Khalifa","","1","",""
"0120210826004323","2023-08-06 15:14:35","2023-08-15 00:00:00","2024-08-14 00:00:00","Renewed","Al Murqabat","80000","80000","Non Free Hold","108","Unit","Flat","","Residential","Al Rigga Metro Station","Dubai Mall","Dubai International Airport","","1","",""
"0120210828000336","2023-08-06 17:09:41","2023-09-05 00:00:00","2024-09-04 00:00:00","Renewed","Al Hamriya","25200","25200","Non Free Hold","1","Unit","Flat","","Residential","Burjuman Metro Station","Dubai Mall","Dubai International Airport","","1","",""
"0120210830002198","2023-08-06 16:05:59","2023-09-12 00:00:00","2024-09-11 00:00:00","Renewed","Al Hamriya","43000","43000","Non Free Hold","1","Unit","Flat","","Residential","Burjuman Metro Station","Dubai Mall","Dubai International Airport","","1","",""
"0120210906002263","2023-08-06 15:40:56","2023-01-01 00:00:00","2023-12-31 00:00:00","Renewed","Naif","60250","60250","Non Free Hold","27.46","Unit","Shop","","Commercial","Baniyas Square Metro Station","Dubai Mall","Dubai International Airport","","1","",""
"0120210911001002","2023-08-06 17:40:49","2023-10-20 00:00:00","2024-10-19 00:00:00","Renewed","Business Bay","57500","57500","Free Hold","101.22","Unit","Flat","","Residential","Buj Khalifa Dubai Mall Metro Station","Dubai Mall","Downtown Dubai","","1","",""
"0120211122005147","2023-08-06 14:46:41","2023-07-30 00:00:00","2024-07-29 00:00:00","Renewed","Al Barsha Second","180000","180000","Non Free Hold","50","Unit","Shop","","Commercial","First Abu Dhabi Bank Metro Station","Mall of the Emirates","Burj Al Arab","","1","",""
"0120220411003024","2023-08-06 15:47:32","2023-07-16 00:00:00","2024-07-15 00:00:00","Renewed","Naif","28000","28000","Non Free Hold","25","Unit","Office","","Commercial","Baniyas Square Metro Station","Dubai Mall","Dubai International Airport","","1","",""
"0120220525000608","2023-08-06 18:02:21","2023-06-01 00:00:00","2024-05-31 00:00:00","Renewed","Al Nahda First","26000","26000","Non Free Hold","34.14","Unit","Flat","","Residential","STADIUM Metro Station","City Centre Mirdif","Dubai International Airport","","1","",""
"0120220615005709","2023-08-06 15:16:59","2023-08-01 00:00:00","2024-07-31 00:00:00","Renewed","Al Hebiah First","60000","60000","Free Hold","137.19","Unit","Flat","","Residential","Dubai Internet City","Mall of the Emirates","Sports City Swimming Academy","","1","","AC3"
"0120220620000584","2023-08-06 16:35:02","2023-07-01 00:00:00","2024-06-30 00:00:00","Renewed","Al Murqabat","50000","50000","Non Free Hold","78.04","Unit","Flat","","Residential","Salah Al Din Metro Station","Dubai Mall","Dubai International Airport","","1","",""
"0120220627002202","2023-08-06 16:35:31","2023-07-01 00:00:00","2024-06-30 00:00:00","Renewed","Al Manara","201667","201667","Non Free Hold","37.72","Villa","Complex Villas","","Residential","Noor Bank Metro Station","Mall of the Emirates","Burj Al Arab","0","1","",""
"0120220628004554","2023-08-06 14:44:30","2023-08-10 00:00:00","2024-08-09 00:00:00","Renewed","Al Bada","38000","38000","Non Free Hold","50.21","Unit","Flat","","Residential","Buj Khalifa Dubai Mall Metro Station","Dubai Mall","Burj Khalifa","","1","",""
"0120220630004715","2023-08-06 16:08:13","2023-07-30 00:00:00","2024-07-29 00:00:00","Renewed","Hor Al Anz East","150000","150000","Non Free Hold","77.39","Unit","Shop","","Commercial","Al Qiyadah Metro Station","City Centre Mirdif","Dubai International Airport","","1","",""
"0120220703001017","2023-08-06 21:19:20","2023-07-01 00:00:00","2024-06-30 00:00:00","Renewed","Naif","25000","25000","Non Free Hold","35","Unit","Flat","","Residential","Union Metro Station","Dubai Mall","Dubai International Airport","","1","",""
"0120220705003187","2023-08-06 15:17:47","2023-08-10 00:00:00","2024-08-09 00:00:00","Renewed","Al Bada","48300","48300","Non Free Hold","89","Unit","Flat","","Residential","Trade Centre Metro Station","Dubai Mall","Burj Khalifa","","1","",""
"0120220714000664","2023-08-06 17:56:36","2023-07-20 00:00:00","2024-12-31 00:00:00","Renewed","Eyal Nasser","26080.65","18000","Non Free Hold","16","Unit","Office","","Commercial","Palm Deira Metro Stations","Dubai Mall","Dubai International Airport","","1","",""
"0120220715002100","2023-08-06 20:27:20","2023-07-15 00:00:00","2024-07-14 00:00:00","Renewed","Jabal Ali First","46500","46500","Free Hold","91","Unit","Flat","","Residential","Harbour Tower","Ibn-e-Battuta Mall","Sports City Swimming Academy","","1","",""
"0120220718002746","2023-08-06 15:01:25","2023-08-01 00:00:00","2024-07-31 00:00:00","Renewed","Al Warqa First","31000","31000","Non Free Hold","81.14","Unit","Flat","","Residential","Rashidiya Metro Station","City Centre Mirdif","Dubai International Airport","","1","",""
"0120220718004707","2023-08-06 17:41:23","2023-08-01 00:00:00","2024-07-31 00:00:00","Renewed","Nad Al Hamar","60000","60000","Non Free Hold","139.35","Unit","Warehouse","","Commercial","Rashidiya Metro Station","City Centre Mirdif","Dubai International Airport","","1","",""
"0120220719000698","2023-08-06 15:20:57","2023-08-01 00:00:00","2024-07-31 00:00:00","Renewed","Al Barshaa South Third","43700","43700","Non Free Hold","70","Unit","Flat","","Residential","Dubai Internet City","Mall of the Emirates","Sports City Swimming Academy","","1","",""
"0120220802003724","2023-08-06 14:42:15","2023-08-05 00:00:00","2024-08-04 00:00:00","Renewed","Business Bay","52500","52500","Free Hold","34.61","Unit","Flat","","Residential","Business Bay Metro Station","Dubai Mall","Downtown Dubai","","1","","PRIVE BY DAMAC"
"0120220802003809","2023-08-06 16:46:49","2023-07-31 00:00:00","2024-07-30 00:00:00","Renewed","Nadd Hessa","45150","45150","Free Hold","73.3","Unit","Flat","","Residential","","","IMG World Adventures","","1","","LA VISTA 04"
"0120220802005146","2023-08-06 20:15:15","2023-08-06 00:00:00","2024-08-05 00:00:00","Renewed","Al Rashidiya","95000","95000","Non Free Hold","2010","Villa","Complex Villas","","Residential","Rashidiya Metro Station","City Centre Mirdif","Dubai International Airport","2","1","",""
"0120220804000415","2023-08-06 17:36:29","2023-08-12 00:00:00","2024-08-11 00:00:00","Renewed","Mankhool","44500","44500","Non Free Hold","77.02","Unit","Flat","","Residential","Burjuman Metro Station","Dubai Mall","Dubai International Airport","","1","",""
"0120220806000573","2023-08-06 15:29:11","2023-09-15 00:00:00","2024-09-14 00:00:00","Renewed","Mirdif","80000","80000","Non Free Hold","176","Villa","Complex Villas","","Residential","Rashidiya Metro Station","City Centre Mirdif","Dubai International Airport","2","1","",""
"0120220806001131","2023-08-06 16:35:45","2023-08-07 00:00:00","2024-08-06 00:00:00","Renewed","Al Warqa First","36400","36400","Non Free Hold","65.68","Unit","Flat","","Residential","Rashidiya Metro Station","City Centre Mirdif","Dubai International Airport","","1","",""
"0120220807000357","2023-08-06 17:55:49","2023-08-08 00:00:00","2024-08-07 00:00:00","Renewed","Naif","32500","32500","Non Free Hold","1","Unit","Flat","","Residential","Baniyas Square Metro Station","Dubai Mall","Dubai International Airport","","1","",""
"0120220807000395","2023-08-06 17:02:19","2023-09-01 00:00:00","2024-08-31 00:00:00","Renewed","Mankhool","78000","78000","Non Free Hold","0","Unit","Flat","","Residential","ADCB Metro Station","Dubai Mall","Burj Khalifa","","1","",""
"0120220807000639","2023-08-06 16:00:44","2023-08-20 00:00:00","2024-08-19 00:00:00","Renewed","Al Thanyah First","64000","64000","Free Hold","102.19","Unit","Flat","","Residential","Dubai Internet City","Mall of the Emirates","Burj Al Arab","","1","",""
"0120220809004817","2023-08-06 16:10:49","2023-08-15 00:00:00","2024-08-14 00:00:00","Renewed","Al Barshaa South Third","42000","42000","Free Hold","73.32","Unit","Flat","","Residential","Sharaf Dg Metro Station","Mall of the Emirates","Motor City","","1","",""
"0120220814000697","2023-08-06 16:22:07","2023-08-20 00:00:00","2024-08-19 00:00:00","Renewed","Al Raffa","34500","34500","Non Free Hold","37.81","Unit","Flat","","Residential","Al Ghubaiba Metro Station","Dubai Mall","Burj Khalifa","","1","",""
"0120220814000724","2023-08-06 15:45:51","2023-08-20 00:00:00","2024-08-19 00:00:00","Renewed","Al Warsan First","35000","35000","Free Hold","70","Unit","Flat","","Residential","Rashidiya Metro Station","City Centre Mirdif","Dubai International Airport","","1","",""
"0120220814000922","2023-08-06 17:50:02","2023-08-01 00:00:00","2024-07-31 00:00:00","Renewed","Al Hamriya","72000","72000","Non Free Hold","1","Unit","Flat","","Residential","Burjuman Metro Station","Dubai Mall","Dubai International Airport","","1","",""
"0120220815000455","2023-08-06 17:24:26","2023-08-25 00:00:00","2024-08-24 00:00:00","Renewed","Al Barsha First","66000","66000","Non Free Hold","148.64","Unit","Flat","","Residential","Sharaf Dg Metro Station","Mall of the Emirates","Burj Al Arab","","1","",""
"0120220815001403","2023-08-06 17:50:18","2023-08-18 00:00:00","2024-08-17 00:00:00","Renewed","Al Raffa","40950","40950","Non Free Hold","1","Unit","Flat","","Residential","Al Fahidi Metro Station","Dubai Mall","Burj Khalifa","","1","",""
"0120220828000175","2023-08-06 16:45:08","2023-08-25 00:00:00","2024-08-24 00:00:00","Renewed","Mankhool","83000","83000","Non Free Hold","138.75","Unit","Flat","","Residential","Burjuman Metro Station","Dubai Mall","Burj Khalifa","","1","",""
"0120220828000361","2023-08-06 17:39:10","2023-09-10 00:00:00","2024-09-09 00:00:00","Renewed","Al Barsha First","50400","50400","Non Free Hold","81.51","Unit","Flat","","Residential","Sharaf Dg Metro Station","Mall of the Emirates","Burj Al Arab","","1","",""
"0120220905004939","2023-08-06 18:00:24","2023-09-10 00:00:00","2024-09-09 00:00:00","Renewed","Al Hamriya","45000","45000","Non Free Hold","83.61","Unit","Flat","","Residential","Al Fahidi Metro Station","Dubai Mall","Dubai International Airport","","1","",""
"0120220909004003","2023-08-06 18:43:16","2023-09-15 00:00:00","2024-09-14 00:00:00","Renewed","Ras Al Khor Industrial Third","55000","55000","Free Hold","78","Unit","Flat","","Residential","Rashidiya Metro Station","City Centre Mirdif","Dubai International Airport","","1","",""
"0120220929004982","2023-08-06 17:05:29","2023-10-01 00:00:00","2024-09-30 00:00:00","Renewed","Mankhool","47000","47000","Non Free Hold","80.94","Unit","Flat","","Residential","Burjuman Metro Station","Dubai Mall","Dubai International Airport","","1","",""
"0120221109005486","2023-08-06 16:07:36","2023-04-06 00:00:00","2024-04-05 00:00:00","Renewed","Jabal Ali Industrial First","172800","172800","Free Hold","12.25","Unit","Labor Camps","","Residential","DANUBE Metro Station","Ibn-e-Battuta Mall","Expo 2020 Site","","11","",""
"0120221109005486","2023-08-06 16:07:36","2023-04-06 00:00:00","2024-04-05 00:00:00","Renewed","Jabal Ali Industrial First","172800","172800","Free Hold","12.25","Unit","Labor Camps","","Residential","DANUBE Metro Station","Ibn-e-Battuta Mall","Expo 2020 Site","","11","",""
"0120221109005486","2023-08-06 16:07:36","2023-04-06 00:00:00","2024-04-05 00:00:00","Renewed","Jabal Ali Industrial First","172800","172800","Free Hold","13.01","Unit","Labor Camps","","Residential","DANUBE Metro Station","Ibn-e-Battuta Mall","Expo 2020 Site","","11","",""
"0120221109005486","2023-08-06 16:07:36","2023-04-06 00:00:00","2024-04-05 00:00:00","Renewed","Jabal Ali Industrial First","172800","172800","Free Hold","12.99","Unit","Labor Camps","","Residential","DANUBE Metro Station","Ibn-e-Battuta Mall","Expo 2020 Site","","11","",""
"0120221109005486","2023-08-06 16:07:36","2023-04-06 00:00:00","2024-04-05 00:00:00","Renewed","Jabal Ali Industrial First","172800","172800","Free Hold","12.25","Unit","Labor Camps","","Residential","DANUBE Metro Station","Ibn-e-Battuta Mall","Expo 2020 Site","","11","",""
"0120221109005486","2023-08-06 16:07:36","2023-04-06 00:00:00","2024-04-05 00:00:00","Renewed","Jabal Ali Industrial First","172800","172800","Free Hold","10.78","Unit","Labor Camps","","Residential","DANUBE Metro Station","Ibn-e-Battuta Mall","Expo 2020 Site","","11","",""
"0120221109005486","2023-08-06 16:07:36","2023-04-06 00:00:00","2024-04-05 00:00:00","Renewed","Jabal Ali Industrial First","172800","172800","Free Hold","12.46","Unit","Labor Camps","","Residential","DANUBE Metro Station","Ibn-e-Battuta Mall","Expo 2020 Site","","11","",""
"0120221109005486","2023-08-06 16:07:36","2023-04-06 00:00:00","2024-04-05 00:00:00","Renewed","Jabal Ali Industrial First","172800","172800","Free Hold","12.25","Unit","Labor Camps","","Residential","DANUBE Metro Station","Ibn-e-Battuta Mall","Expo 2020 Site","","11","",""
"0120221109005486","2023-08-06 16:07:36","2023-04-06 00:00:00","2024-04-05 00:00:00","Renewed","Jabal Ali Industrial First","172800","172800","Free Hold","12.99","Unit","Labor Camps","","Residential","DANUBE Metro Station","Ibn-e-Battuta Mall","Expo 2020 Site","","11","",""
"0120221109005486","2023-08-06 16:07:36","2023-04-06 00:00:00","2024-04-05 00:00:00","Renewed","Jabal Ali Industrial First","172800","172800","Free Hold","12.25","Unit","Labor Camps","","Residential","DANUBE Metro Station","Ibn-e-Battuta Mall","Expo 2020 Site","","11","",""
"0120221109005486","2023-08-06 16:07:36","2023-04-06 00:00:00","2024-04-05 00:00:00","Renewed","Jabal Ali Industrial First","172800","172800","Free Hold","12.85","Unit","Labor Camps","","Residential","DANUBE Metro Station","Ibn-e-Battuta Mall","Expo 2020 Site","","11","",""
"0120230712001175","2023-08-06 15:44:01","2023-12-11 00:00:00","2024-12-10 00:00:00","Renewed","Al Hebiah First","52800","52800","Free Hold","91.5","Unit","Flat","","Residential","Sharaf Dg Metro Station","Mall of the Emirates","Motor City","","1","",""
"0120230806000160","2023-08-06 14:41:22","2023-08-10 00:00:00","2024-08-09 00:00:00","New","Al Hudaiba","48999","48999","Non Free Hold","70.79","Unit","Flat","","Residential","Al Jafiliya Metro Station","Dubai Mall","Burj Khalifa","","1","",""
"0120230806000163","2023-08-06 14:42:23","2023-08-11 00:00:00","2024-08-10 00:00:00","New","Al Qusais Industrial Fifth","50000","50000","Non Free Hold","110.23","Unit","Flat","","Residential","Al Qusais Metro Station","City Centre Mirdif","Dubai International Airport","","1","",""
"0120230806000165","2023-08-06 14:43:50","2023-08-06 00:00:00","2024-08-05 00:00:00","New","Nadd Hessa","55000","55000","Free Hold","80.67","Unit","Flat","","Residential","","","IMG World Adventures","","1","",""
"0120230806000166","2023-08-06 14:43:56","2023-08-10 00:00:00","2024-08-09 00:00:00","New","Al Barshaa South Third","34000","34000","Free Hold","36.48","Unit","Flat","","Residential","Sharaf Dg Metro Station","Mall of the Emirates","Motor City","","1","","ELZ Residence"
"0120230806000170","2023-08-06 14:45:43","2023-08-25 00:00:00","2024-08-24 00:00:00","New","Al Nahda Second","45000","45000","Non Free Hold","62.5","Unit","Flat","","Residential","Al Nahda Metro Station","City Centre Mirdif","Dubai International Airport","","1","",""
"0120230806000178","2023-08-06 14:57:26","2023-09-02 00:00:00","2024-09-01 00:00:00","New","Al Murqabat","85000","85000","Non Free Hold","108","Unit","Flat","","Residential","Al Rigga Metro Station","Dubai Mall","Dubai International Airport","","1","",""
"0120230806000184","2023-08-06 15:08:30","2023-08-25 00:00:00","2024-08-24 00:00:00","New","Al Nahda Second","44000","44000","Non Free Hold","62.5","Unit","Flat","","Residential","Al Nahda Metro Station","City Centre Mirdif","Dubai International Airport","","1","",""
"0120230806000186","2023-08-06 15:11:16","2023-08-09 00:00:00","2024-08-08 00:00:00","New","Me'Aisem First","25000","25000","Free Hold","34.31","Unit","Studio ","","Residential","Damac Properties","Marina Mall","Sports City Swimming Academy","","1","","LAKESIDE"
"0120230806000188","2023-08-06 15:12:59","2023-07-07 00:00:00","2023-10-07 00:00:00","New","Nadd Hessa","6600","26119.15","Free Hold","69.79","Unit","Office","","Commercial","","","IMG World Adventures","","1","","LYNX"
"0120230806000192","2023-08-06 15:17:16","2023-08-07 00:00:00","2024-08-06 00:00:00","New","Al Barsha South Fourth","48000","48000","Free Hold","36.68","Unit","Hotel","","Commercial","Dubai Internet City","Mall of the Emirates","Sports City Swimming Academy","","1","","Milano Giovanni Boutique Suites"
"0120230806000195","2023-08-06 15:17:39","2023-08-06 00:00:00","2024-08-05 00:00:00","New","Al Thanyah Fifth","21000","21000","Free Hold","72.16","Unit","Office","","Commercial","Jumeirah Lakes Towers","Marina Mall","Sports City Swimming Academy","","1","","DUBAI STAR"
"0120230806000199","2023-08-06 15:22:42","2023-08-05 00:00:00","2024-08-04 00:00:00","New","Al Warsan First","45000","45000","Free Hold","76.27","Unit","Flat","","Residential","Rashidiya Metro Station","City Centre Mirdif","","","1","",""
"0120230806000202","2023-08-06 15:25:19","2023-08-07 00:00:00","2024-08-06 00:00:00","New","Al Barsha South Fourth","43200","43200","Free Hold","35.06","Unit","Flat","","Residential","Nakheel Metro Station","Marina Mall","Sports City Swimming Academy","","1","","Park Vista"
"0120230806000205","2023-08-06 15:27:00","2023-07-25 00:00:00","2024-07-24 00:00:00","New","Al Mararr","52800","52800","Non Free Hold","55","Unit","Flat","","Residential","Baniyas Square Metro Station","Dubai Mall","Dubai International Airport","","1","",""
"0120230806000210","2023-08-06 15:32:52","2023-08-15 00:00:00","2024-09-14 00:00:00","New","Al Nahda Second","52000","52000","Non Free Hold","112.88","Unit","Flat","","Residential","STADIUM Metro Station","City Centre Mirdif","Dubai International Airport","","1","",""
"0120230806000211","2023-08-06 15:32:56","2023-08-05 00:00:00","2024-08-04 00:00:00","New","Me'Aisem First","27200","27200","Free Hold","34.31","Unit","Flat","","Residential","Damac Properties","Marina Mall","Sports City Swimming Academy","","1","","LAKESIDE"
"0120230806000212","2023-08-06 15:33:35","2023-08-12 00:00:00","2024-08-11 00:00:00","New","Al Thanyah First","75000","75000","Free Hold","102.19","Unit","Flat","","Residential","Dubai Internet City","Mall of the Emirates","Burj Al Arab","","1","",""
"0120230806000224","2023-08-06 15:46:17","2023-08-10 00:00:00","2024-08-09 00:00:00","New","Al Thanyah First","58000","58000","Free Hold","83.61","Unit","Flat","","Residential","Dubai Internet City","Mall of the Emirates","Burj Al Arab","","1","",""
"0120230806000226","2023-08-06 15:46:46","2023-06-15 00:00:00","2024-06-14 00:00:00","New","Al Warqa First","48400","48400","Non Free Hold","108","Unit","Flat","","Residential","Rashidiya Metro Station","City Centre Mirdif","Dubai International Airport","","1","",""
"0120230806000228","2023-08-06 15:47:11","2023-08-06 00:00:00","2024-08-05 00:00:00","New","Jabal Ali First","36000","36000","Free Hold","36.65","Unit","Flat","","Residential","Ibn Battuta Metro Station","Ibn-e-Battuta Mall","Expo 2020 Site","","1","","Azizi Plaza Hotel Apartments"
"0120230806000244","2023-08-06 15:55:21","2023-08-10 00:00:00","2024-08-09 00:00:00","New","Nadd Hessa","73000","73000","Free Hold","87.5","Unit","Flat","","Residential","","","IMG World Adventures","","1","","LA VISTA 05"
"0120230806000245","2023-08-06 15:56:47","2023-08-06 00:00:00","2024-08-05 00:00:00","New","Naif","22000","22000","Non Free Hold","44.22","Unit","Flat","","Residential","Salah Al Din Metro Station","Dubai Mall","Dubai International Airport","","1","",""
"0120230806000249","2023-08-06 15:58:05","2023-08-06 00:00:00","2024-08-05 00:00:00","New","Mirdif","100000","100000","Non Free Hold","1086","Villa","Villa","","Residential","Rashidiya Metro Station","City Centre Mirdif","Dubai International Airport","0","1","",""
"0120230806000257","2023-08-06 16:05:18","2023-08-01 00:00:00","2024-07-31 00:00:00","New","Business Bay","58000","58000","Free Hold","47.28","Unit","Flat","","Residential","Buj Khalifa Dubai Mall Metro Station","Dubai Mall","Downtown Dubai","","1","","WATER'S EDGE"
"0120230806000260","2023-08-06 16:06:37","2023-04-01 00:00:00","2024-03-31 00:00:00","New","Al Mararr","29000","29000","Non Free Hold","27.96","Unit","Office","","Commercial","Palm Deira Metro Stations","Dubai Mall","Dubai International Airport","","1","",""
"0120230806000265","2023-08-06 16:08:47","2023-09-12 00:00:00","2024-09-11 00:00:00","New","Al Hamriya","47000","47000","Non Free Hold","1","Unit","Flat","","Residential","Burjuman Metro Station","Dubai Mall","Dubai International Airport","","1","",""
"0120230806000276","2023-08-06 16:14:09","2023-08-07 00:00:00","2024-08-06 00:00:00","New","Al Barsha South Fourth","50000","50000","Free Hold","75.1","Unit","Flat","","Residential","Nakheel Metro Station","Marina Mall","Sports City Swimming Academy","","1","",""
"0120230806000278","2023-08-06 16:16:45","2023-08-20 00:00:00","2024-08-19 00:00:00","New","Um Suqaim First","150000","150000","Non Free Hold","1","Villa","Villa","","Residential","Noor Bank Metro Station","Mall of the Emirates","Burj Al Arab","1","1","",""
"0120230806000289","2023-08-06 16:22:43","2023-08-06 00:00:00","2024-08-05 00:00:00","New","Naif","18000","18000","Non Free Hold","34","Unit","Office","","Commercial","Salah Al Din Metro Station","Dubai Mall","Dubai International Airport","","1","",""
"0120230806000291","2023-08-06 16:23:42","2023-08-08 00:00:00","2024-08-07 00:00:00","New","Al Barshaa South Third","37000","37000","Free Hold","38.14","Unit","Flat","","Residential","Sharaf Dg Metro Station","Mall of the Emirates","Motor City","","1","",""
"0120230806000292","2023-08-06 16:23:40","2023-08-07 00:00:00","2024-08-06 00:00:00","New","Abu Hail","87000","87000","Non Free Hold","199.46","Villa","Villa","","Residential","Abu Baker Al Siddique Metro Station","","Dubai International Airport","0","1","",""
"0120230806000295","2023-08-06 16:24:08","2023-08-06 00:00:00","2024-08-05 00:00:00","New","Naif","40000","40000","Non Free Hold","1000","Unit","Flat","","Residential","Baniyas Square Metro Station","Dubai Mall","Dubai International Airport","","1","",""
"0120230806000303","2023-08-06 16:27:43","2023-08-06 00:00:00","2024-09-05 00:00:00","New","Hor Al Anz East","40000","40000","Non Free Hold","0","Unit","Flat","","Residential","Abu Hail Metro Station","City Centre Mirdif","Dubai International Airport","","1","",""
"0120230806000307","2023-08-06 16:30:53","2023-08-20 00:00:00","2024-08-19 00:00:00","New","Al Barsha First","118000","118000","Non Free Hold","116.96","Unit","Office","","Commercial","Sharaf Dg Metro Station","Mall of the Emirates","Burj Al Arab","","1","",""
"0120230806000312","2023-08-06 16:32:20","2023-08-06 00:00:00","2024-08-05 00:00:00","New","Al Muteena","50000","50000","Non Free Hold","725","Unit","Flat","","Residential","Salah Al Din Metro Station","Dubai Mall","Dubai International Airport","","1","",""
"0120230806000316","2023-08-06 16:34:35","2023-08-01 00:00:00","2025-07-31 00:00:00","New","Wadi Al Safa 7","620000","310000","Free Hold","432.25","Villa","Villa","5","Residential","","","Motor City","","1","","ARABIAN RANCHES - SAMARA COMMUNITY"
"0120230806000328","2023-08-06 16:40:30","2023-08-06 00:00:00","2024-08-05 00:00:00","New","Al Goze Third","17000","17000","Non Free Hold","25","Unit","Office","","Commercial","Noor Bank Metro Station","Dubai Mall","Downtown Dubai","","1","",""
"0120230806000332","2023-08-06 16:41:16","2023-08-06 00:00:00","2024-08-05 00:00:00","New","Al Warqa First","53000","53000","Non Free Hold","125","Unit","Flat","","Residential","Rashidiya Metro Station","City Centre Mirdif","Dubai International Airport","","1","",""
"0120230806000334","2023-08-06 16:41:25","2023-08-06 00:00:00","2024-08-05 00:00:00","New","Al Murqabat","25000","25000","Non Free Hold","110.4","Unit","Shop","","Commercial","Abu Baker Al Siddique Metro Station","Dubai Mall","Dubai International Airport","","1","",""
"0120230806000344","2023-08-06 16:48:24","2023-08-06 00:00:00","2024-08-05 00:00:00","New","Al Murqabat","20000","20000","Non Free Hold","15.91","Unit","Office","","Commercial","Abu Baker Al Siddique Metro Station","Dubai Mall","Dubai International Airport","","1","",""
"0120230806000348","2023-08-06 16:52:18","2023-08-10 00:00:00","2024-08-09 00:00:00","New","Warsan Fourth","36500","36500","Free Hold","60.74","Unit","Flat","","Residential","Rashidiya Metro Station","City Centre Mirdif","","","1","",""
"0120230806000351","2023-08-06 16:52:18","2023-08-15 00:00:00","2024-08-14 00:00:00","New","Hor Al Anz East","42000","42000","Non Free Hold","59.94","Unit","Flat","","Residential","Al Qiyadah Metro Station","City Centre Mirdif","Dubai International Airport","","1","",""
"0120230806000354","2023-08-06 16:55:07","2023-08-10 00:00:00","2024-08-09 00:00:00","New","Naif","60000","60000","Non Free Hold","59.82","Unit","Office","","Commercial","Baniyas Square Metro Station","Dubai Mall","Dubai International Airport","","1","",""
"0120230806000357","2023-08-06 16:56:42","2023-08-06 00:00:00","2024-08-05 00:00:00","New","Al Dhagaya","32000","32000","Non Free Hold","82","Unit","Office","","Commercial","Palm Deira Metro Stations","Dubai Mall","Dubai International Airport","","1","",""
"0120230806000362","2023-08-06 17:00:51","2023-08-01 00:00:00","2024-07-31 00:00:00","New","Al Nahda Second","38000","38000","Non Free Hold","83.61","Unit","Flat","","Residential","STADIUM Metro Station","City Centre Mirdif","Dubai International Airport","","1","",""
"0120230806000363","2023-08-06 17:01:33","2023-08-05 00:00:00","2024-08-04 00:00:00","New","Al Murqabat","95000","95000","Non Free Hold","180","Unit","Flat","","Residential","Al Rigga Metro Station","Dubai Mall","Dubai International Airport","","1","",""
"0120230806000371","2023-08-06 17:04:50","2023-08-10 00:00:00","2024-08-09 00:00:00","New","Warsan Fourth","25000","25000","Free Hold","25.27","Unit","Flat","","Residential","Rashidiya Metro Station","City Centre Mirdif","","","1","",""
"0120230806000375","2023-08-06 17:06:23","2023-08-10 00:00:00","2024-08-09 00:00:00","New","Hor Al Anz East","48000","48000","Non Free Hold","86.49","Unit","Office","","Commercial","Al Qiyadah Metro Station","City Centre Mirdif","Dubai International Airport","","1","",""
"0120230806000387","2023-08-06 17:15:41","2023-08-15 00:00:00","2024-08-14 00:00:00","New","Wadi Al Safa 5","45000","45000","Free Hold","88.66","Unit","Flat","","Residential","","","IMG World Adventures","","1","",""
"0120230806000390","2023-08-06 17:16:58","2023-08-15 00:00:00","2024-08-14 00:00:00","New","Al Nahda Second","44000","44000","Non Free Hold","1","Unit","Flat","","Residential","Al Nahda Metro Station","City Centre Mirdif","Dubai International Airport","","1","",""
"0120230806000403","2023-08-06 17:28:57","2023-08-01 00:00:00","2024-07-31 00:00:00","New","Al Qusais Second","25000","25000","Non Free Hold","50","Unit","Flat","","Residential","Airport Free Zone","City Centre Mirdif","Dubai International Airport","","1","",""
"0120230806000404","2023-08-06 17:29:11","2023-08-12 00:00:00","2024-08-11 00:00:00","New","Al Warsan First","34000","34000","Free Hold","63.83","Unit","Flat","","Residential","Rashidiya Metro Station","City Centre Mirdif","","","1","",""
"0120230806000407","2023-08-06 17:29:30","2023-03-26 00:00:00","2024-03-25 00:00:00","New","Al Warqa First","58000","58000","Non Free Hold","0","Unit","Flat","","Residential","Rashidiya Metro Station","City Centre Mirdif","Dubai International Airport","","1","",""
"0120230806000411","2023-08-06 17:32:12","2023-08-06 00:00:00","2024-08-05 00:00:00","New","Al Garhoud","21000","21000","Non Free Hold","21.23","Unit","Office","","Commercial","GGICO Metro Station","City Centre Mirdif","Dubai International Airport","","1","",""
"0120230806000416","2023-08-06 17:38:31","2023-08-06 00:00:00","2024-08-05 00:00:00","New","Al Mamzer","40000","40000","Non Free Hold","92.42","Unit","Flat","","Residential","Al Qiyadah Metro Station","City Centre Mirdif","Dubai International Airport","","1","",""
"0120230806000422","2023-08-06 17:41:08","2023-08-15 00:00:00","2024-08-14 00:00:00","New","Al Qusais Second","62000","62000","Non Free Hold","109","Unit","Flat","","Residential","Airport Free Zone","City Centre Mirdif","Dubai International Airport","","1","",""
"0120230806000426","2023-08-06 17:41:48","2023-08-06 00:00:00","2024-08-05 00:00:00","New","Hor Al Anz East","21500","21500","Non Free Hold","21.23","Unit","Office","","Commercial","Al Qiyadah Metro Station","City Centre Mirdif","Dubai International Airport","","1","",""
"0120230806000430","2023-08-06 17:43:51","2023-08-06 00:00:00","2024-08-05 00:00:00","New","Al Baraha","12000","12000","Non Free Hold","10","Unit","Flat","","Residential","Salah Al Din Metro Station","Dubai Mall","Dubai International Airport","","1","",""
"0120230806000434","2023-08-06 17:46:58","2023-08-06 00:00:00","2024-08-05 00:00:00","New","Al Mararr","20000","20000","Non Free Hold","20.55","Unit","Office","","Commercial","Palm Deira Metro Stations","Dubai Mall","Dubai International Airport","","1","",""
"0120230806000435","2023-08-06 17:47:17","2023-08-09 00:00:00","2024-08-08 00:00:00","New","Jabal Ali First","55000","55000","Free Hold","88","Unit","Flat","","Residential","Harbour Tower","Ibn-e-Battuta Mall","Sports City Swimming Academy","","1","",""
"0120230806000437","2023-08-06 17:47:41","2023-08-06 00:00:00","2024-08-05 00:00:00","New","Al Dhagaya","33000","33000","Non Free Hold","82","Unit","Office","","Commercial","Palm Deira Metro Stations","Dubai Mall","Dubai International Airport","","1","",""
"0120230806000442","2023-08-06 17:51:30","2023-08-06 00:00:00","2024-08-05 00:00:00","New","Al Mararr","20000","20000","Non Free Hold","20.87","Unit","Office","","Commercial","Palm Deira Metro Stations","Dubai Mall","Dubai International Airport","","1","",""
"0120230806000445","2023-08-06 17:55:42","2023-08-06 00:00:00","2024-08-05 00:00:00","New","Al Mararr","20000","20000","Non Free Hold","20.47","Unit","Office","","Commercial","Palm Deira Metro Stations","Dubai Mall","Dubai International Airport","","1","",""
"0120230806000449","2023-08-06 17:58:30","2023-08-10 00:00:00","2024-08-09 00:00:00","New","Naif","28000","28000","Non Free Hold","27.73","Unit","Office","","Commercial","Baniyas Square Metro Station","Dubai Mall","Dubai International Airport","","1","",""
"0120230806000451","2023-08-06 17:59:17","2023-08-06 00:00:00","2024-08-05 00:00:00","New","Al Mararr","20000","20000","Non Free Hold","20.47","Unit","Office","","Commercial","Palm Deira Metro Stations","Dubai Mall","Dubai International Airport","","1","",""
"0120230806000454","2023-08-06 18:01:10","2023-06-01 00:00:00","2024-05-31 00:00:00","New","Al Qusais Industrial First","24000","24000","Non Free Hold","34","Unit","Office","","Commercial","Airport Free Zone","City Centre Mirdif","Dubai International Airport","","1","",""
"0120230806000460","2023-08-06 18:04:47","2023-08-06 00:00:00","2024-08-05 00:00:00","New","Al Mararr","20000","20000","Non Free Hold","21.18","Unit","Office","","Commercial","Palm Deira Metro Stations","Dubai Mall","Dubai International Airport","","1","",""
"0120230806000468","2023-08-06 18:11:58","2023-06-01 00:00:00","2024-05-31 00:00:00","New","Al Qusais Industrial First","24000","24000","Non Free Hold","32","Unit","Office","","Commercial","Airport Free Zone","City Centre Mirdif","Dubai International Airport","","1","",""
"0120230806000472","2023-08-06 18:13:04","2023-08-05 00:00:00","2024-08-04 00:00:00","New","Al Qusais First","46000","46000","Non Free Hold","78.52","Unit","Flat","","Residential","Al Nahda Metro Station","City Centre Mirdif","Dubai International Airport","","1","",""
"0120230806000475","2023-08-06 18:14:29","2023-08-06 00:00:00","2024-08-05 00:00:00","New","Al Mararr","20000","20000","Non Free Hold","20.47","Unit","Office","","Commercial","Palm Deira Metro Stations","Dubai Mall","Dubai International Airport","","1","",""
"0120230806000479","2023-08-06 18:20:06","2023-08-06 00:00:00","2024-08-05 00:00:00","New","Al Qusais Industrial First","24000","24000","Non Free Hold","32","Unit","Office","","Commercial","Airport Free Zone","City Centre Mirdif","Dubai International Airport","","1","",""
"0120230806000482","2023-08-06 18:21:16","2023-08-06 00:00:00","2024-08-05 00:00:00","New","Al Mararr","20000","20000","Non Free Hold","21.52","Unit","Office","","Commercial","Palm Deira Metro Stations","Dubai Mall","Dubai International Airport","","1","",""
"0120230806000489","2023-08-06 18:26:20","2023-06-01 00:00:00","2024-05-31 00:00:00","New","Al Qusais Industrial First","24000","24000","Non Free Hold","35","Unit","Office","","Commercial","Airport Free Zone","City Centre Mirdif","Dubai International Airport","","1","",""
"0120230806000491","2023-08-06 18:27:32","2023-08-06 00:00:00","2024-08-05 00:00:00","New","Al Mararr","20000","20000","Non Free Hold","20.47","Unit","Office","","Commercial","Palm Deira Metro Stations","Dubai Mall","Dubai International Airport","","1","",""
"0120230806000494","2023-08-06 18:32:22","2023-08-06 00:00:00","2024-08-05 00:00:00","New","Al Khabeesi","21500","21500","Non Free Hold","21.25","Unit","Office","","Commercial","Al Rigga Metro Station","Dubai Mall","Dubai International Airport","","1","",""
"0120230806000501","2023-08-06 18:35:27","2023-06-01 00:00:00","2024-05-31 00:00:00","New","Al Qusais Industrial First","24000","24000","Non Free Hold","34","Unit","Office","","Commercial","Airport Free Zone","City Centre Mirdif","Dubai International Airport","","1","",""
"0120230806000509","2023-08-06 18:41:23","2023-08-07 00:00:00","2024-08-06 00:00:00","New","Al Barsha South Fourth","40000","40000","Free Hold","50.26","Unit","Studio ","","Residential","Nakheel Metro Station","Marina Mall","Sports City Swimming Academy","","1","",""
"0120230806000510","2023-08-06 18:41:28","2023-06-01 00:00:00","2024-05-31 00:00:00","New","Al Qusais Industrial First","24000","24000","Non Free Hold","32","Unit","Office","","Commercial","Airport Free Zone","City Centre Mirdif","Dubai International Airport","","1","",""
"0120230806000514","2023-08-06 18:45:51","2023-07-15 00:00:00","2024-07-14 00:00:00","New","Al Hebiah Fourth","80000","80000","Free Hold","134.91","Unit","Flat","","Residential","Nakheel Metro Station","Marina Mall","Sports City Swimming Academy","","1","","CANAL RESIDENCE WEST (PHASE 1)"
"0120230806000518","2023-08-06 18:50:02","2023-06-01 00:00:00","2024-05-31 00:00:00","New","Al Qusais Industrial First","24000","24000","Non Free Hold","35","Unit","Office","","Commercial","Airport Free Zone","City Centre Mirdif","Dubai International Airport","","1","",""
"0120230806000522","2023-08-06 18:52:20","2023-08-06 00:00:00","2024-08-05 00:00:00","New","Al Mararr","20000","20000","Non Free Hold","20.87","Unit","Office","","Commercial","Palm Deira Metro Stations","Dubai Mall","Dubai International Airport","","1","",""
"0120230806000533","2023-08-06 19:05:34","2023-08-05 00:00:00","2024-08-04 00:00:00","New","Al Barsha South Fourth","55000","55000","Free Hold","88.15","Unit","Flat","","Residential","Dubai Internet City","Mall of the Emirates","Sports City Swimming Academy","","1","","ACES CHATEAU"
"0120230806000539","2023-08-06 19:09:42","2023-08-20 00:00:00","2024-08-19 00:00:00","New","Al Murqabat","58000","58000","Non Free Hold","63","Unit","Flat","","Residential","Salah Al Din Metro Station","Dubai Mall","Dubai International Airport","","1","",""
"0120230806000542","2023-08-06 19:12:28","2023-07-01 00:00:00","2024-06-30 00:00:00","New","Jabal Ali First","36000","36000","Free Hold","41.43","Unit","Flat","","Residential","Ibn Battuta Metro Station","Ibn-e-Battuta Mall","Expo 2020 Site","","1","","Azizi Samia Residence"
"0120230806000544","2023-08-06 19:12:41","2023-08-05 00:00:00","2024-08-04 00:00:00","New","Al Jadaf","65000","65000","Free Hold","70.86","Unit","Flat","","Residential","Al Jadaf Metro Station","Dubai Mall","Downtown Dubai","","1","","Binghatti Creek"
"0120230806000547","2023-08-06 19:15:59","2023-06-01 00:00:00","2024-05-31 00:00:00","New","Al Baraha","15000","15000","Non Free Hold","15","Unit","Flat","","Residential","Salah Al Din Metro Station","Dubai Mall","Dubai International Airport","","1","",""
"0120230806000561","2023-08-06 19:26:46","2023-08-06 00:00:00","2024-08-05 00:00:00","New","Business Bay","64000","64000","Free Hold","42","Unit","Flat","","Residential","Business Bay Metro Station","Dubai Mall","Downtown Dubai","","1","","PRIVE BY DAMAC"
"0120230806000563","2023-08-06 19:28:01","2023-06-01 00:00:00","2024-05-31 00:00:00","New","Al Baraha","15000","15000","Non Free Hold","16.55","Unit","Flat","","Residential","Salah Al Din Metro Station","Dubai Mall","Dubai International Airport","","1","",""
"0120230806000570","2023-08-06 19:35:25","2023-08-08 00:00:00","2024-08-07 00:00:00","New","Al Thanyah Fifth","72000","72000","Free Hold","103.48","Unit","Office","","Commercial","Jumeirah Lakes Towers","Marina Mall","Sports City Swimming Academy","","1","","HDS BUSINESS CENTRE"
"0120230806000579","2023-08-06 19:44:01","2023-09-01 00:00:00","2024-08-31 00:00:00","New","Al Warsan First","70000","70000","Free Hold","64","Unit","Shop","","Commercial","Rashidiya Metro Station","City Centre Mirdif","Dubai International Airport","","1","",""
"0120230806000584","2023-08-06 19:46:30","2023-08-02 00:00:00","2024-08-01 00:00:00","New","Al Merkadh","95000","95000","Free Hold","74.98","Unit","Flat","","Residential","Buj Khalifa Dubai Mall Metro Station","Dubai Mall","Downtown Dubai","","1","","Sobha Creek Vistas"
"0120230806000587","2023-08-06 19:52:27","2023-08-13 00:00:00","2024-08-12 00:00:00","New","Nadd Hessa","38000","38000","Free Hold","47.8","Unit","Flat","","Residential","","","IMG World Adventures","","1","","ATRIUM GOLD TOWERS"
"0120230806000607","2023-08-06 20:12:49","2023-06-01 00:00:00","2024-05-31 00:00:00","New","Al Baraha","15000","15000","Non Free Hold","12.74","Unit","Flat","","Residential","Salah Al Din Metro Station","Dubai Mall","Dubai International Airport","","1","",""
"0120230806000609","2023-08-06 20:14:01","2023-08-05 00:00:00","2024-08-06 00:00:00","New","Jabal Ali First","55500","55500","Free Hold","93","Unit","Flat","","Residential","Harbour Tower","Ibn-e-Battuta Mall","Sports City Swimming Academy","","1","",""
"0120230806000617","2023-08-06 20:18:08","2023-06-01 00:00:00","2024-05-31 00:00:00","New","Al Baraha","15000","15000","Non Free Hold","15","Unit","Flat","","Residential","Salah Al Din Metro Station","Dubai Mall","Dubai International Airport","","1","",""
"0120230806000620","2023-08-06 20:22:34","2023-06-01 00:00:00","2024-05-31 00:00:00","New","Al Baraha","15000","15000","Non Free Hold","10.97","Unit","Flat","","Residential","Salah Al Din Metro Station","Dubai Mall","Dubai International Airport","","1","",""
"0120230806000623","2023-08-06 20:27:07","2023-07-25 00:00:00","2024-07-24 00:00:00","New","Al Jadaf","95000","95000","Free Hold","198.62","Unit","Flat","","Residential","Creek Metro Station","Dubai Mall","Dubai International Airport","","1","","YAASS TOWER"
"0120230806000623","2023-08-06 20:27:07","2023-07-25 00:00:00","2024-07-24 00:00:00","New","Al Jadaf","95000","95000","Free Hold","198.62","Unit","Flat","","Residential","Creek Metro Station","Dubai Mall","Dubai International Airport","","1","","RIAH TOWERS"
"0120230806000625","2023-08-06 20:28:16","2023-06-01 00:00:00","2024-05-31 00:00:00","New","Al Baraha","15000","15000","Non Free Hold","20.91","Unit","Flat","","Residential","Salah Al Din Metro Station","Dubai Mall","Dubai International Airport","","1","",""
"0120230806000628","2023-08-06 20:31:23","2023-08-10 00:00:00","2024-08-09 00:00:00","New","Al Jadaf","80000","80000","Free Hold","68.1","Unit","Flat","","Residential","Al Jadaf Metro Station","Dubai Mall","Downtown Dubai","","1","","Binghatti Creek"
"0120230806000631","2023-08-06 20:32:23","2023-06-01 00:00:00","2024-05-31 00:00:00","New","Al Baraha","15000","15000","Non Free Hold","19","Unit","Flat","","Residential","Salah Al Din Metro Station","Dubai Mall","Dubai International Airport","","1","",""
"0120230806000633","2023-08-06 20:37:05","2023-06-01 00:00:00","2024-05-31 00:00:00","New","Al Baraha","15000","15000","Non Free Hold","15","Unit","Flat","","Residential","Salah Al Din Metro Station","Dubai Mall","Dubai International Airport","","1","",""
"0120230806000636","2023-08-06 20:48:34","2023-08-06 00:00:00","2023-11-17 00:00:00","New","Business Bay","50490","178200","Free Hold","320.52","Unit","Flat","","Residential","Business Bay Metro Station","Dubai Mall","Burj Khalifa","","1","",""
"0120230806000640","2023-08-06 20:57:24","2023-08-10 00:00:00","2024-08-09 00:00:00","New","Naif","40000","40000","Non Free Hold","17.47","Unit","Office","","Commercial","Baniyas Square Metro Station","Dubai Mall","Dubai International Airport","","1","",""
"0120230806000643","2023-08-06 21:07:01","2023-08-06 00:00:00","2024-08-05 00:00:00","New","Al Barsha South Fourth","85000","85000","Free Hold","74.01","Unit","Flat","","Residential","Nakheel Metro Station","Marina Mall","Sports City Swimming Academy","","1","","EATON PLACE"
"0120230806000643","2023-08-06 21:07:01","2023-08-06 00:00:00","2024-08-05 00:00:00","New","Al Barsha South Fourth","85000","85000","Free Hold","74.01","Unit","Flat","","Residential","Nakheel Metro Station","Marina Mall","Sports City Swimming Academy","","1","","ZAREEN RESIDENCE 2"
"0120230806000649","2023-08-06 21:33:49","2023-05-01 00:00:00","2024-04-30 00:00:00","New","Eyal Nasser","36000","36000","Non Free Hold","32","Unit","Office","","Commercial","Palm Deira Metro Stations","Dubai Mall","Dubai International Airport","","1","",""
"0120230806000652","2023-08-06 21:51:41","2023-08-06 00:00:00","2024-08-05 00:00:00","New","Al Dhagaya","52000","52000","Non Free Hold","0","Unit","Flat","","Residential","Palm Deira Metro Stations","Dubai Mall","Dubai International Airport","","1","",""
"0120230806000656","2023-08-06 21:54:07","2023-08-06 00:00:00","2024-08-05 00:00:00","New","Al Muteena","21000","21000","Non Free Hold","21.23","Unit","Office","","Commercial","Salah Al Din Metro Station","Dubai Mall","Dubai International Airport","","1","",""
"0120230806000658","2023-08-06 21:59:32","2023-09-01 00:00:00","2024-08-30 00:00:00","New","Al Thanyah Fifth","66000","66177.9","Free Hold","89.85","Unit","Flat","","Residential","Damac Properties","Marina Mall","Burj Al Arab","","1","","LAKE SHORE TOWER"
"0120230806000667","2023-08-06 22:45:02","2023-08-12 00:00:00","2024-08-11 00:00:00","New","Nadd Hessa","62000","62000","Free Hold","83.7","Unit","Flat","","Residential","","","IMG World Adventures","","1","","ATRIUM GOLD TOWERS"
"0120230806000671","2023-08-06 22:51:43","2023-08-13 00:00:00","2024-08-12 00:00:00","New","Nadd Hessa","38000","38000","Free Hold","48.44","Unit","Flat","","Residential","","","IMG World Adventures","","1","","ATRIUM GOLD TOWERS"
"0120230806000675","2023-08-06 23:03:50","2023-06-01 00:00:00","2024-05-31 00:00:00","New","Al Baraha","15000","15000","Non Free Hold","10.79","Unit","Flat","","Residential","Salah Al Din Metro Station","Dubai Mall","Dubai International Airport","","1","",""
"0120230806000677","2023-08-06 23:08:05","2023-06-01 00:00:00","2024-05-31 00:00:00","New","Al Baraha","15000","15000","Non Free Hold","16.55","Unit","Flat","","Residential","Salah Al Din Metro Station","Dubai Mall","Dubai International Airport","","1","",""
"0120230806000680","2023-08-06 23:13:19","2023-06-01 00:00:00","2024-05-31 00:00:00","New","Al Baraha","15000","15000","Non Free Hold","12.74","Unit","Flat","","Residential","Salah Al Din Metro Station","Dubai Mall","Dubai International Airport","","1","",""
"0120230806000687","2023-08-06 23:18:18","2023-06-01 00:00:00","2024-05-31 00:00:00","New","Al Baraha","15000","15000","Non Free Hold","20.91","Unit","Flat","","Residential","Salah Al Din Metro Station","Dubai Mall","Dubai International Airport","","1","",""
"0120230806000689","2023-08-06 23:21:49","2023-06-01 00:00:00","2024-05-31 00:00:00","New","Al Baraha","15000","15000","Non Free Hold","19.5","Unit","Flat","","Residential","Salah Al Din Metro Station","Dubai Mall","Dubai International Airport","","1","",""
"0120230806000691","2023-08-06 23:26:10","2023-06-01 00:00:00","2024-05-31 00:00:00","New","Al Baraha","15000","15000","Non Free Hold","14.41","Unit","Flat","","Residential","Salah Al Din Metro Station","Dubai Mall","Dubai International Airport","","1","",""
"0120230806000694","2023-08-06 23:30:35","2023-06-01 00:00:00","2024-05-31 00:00:00","New","Al Baraha","15000","15000","Non Free Hold","14.97","Unit","Flat","","Residential","Salah Al Din Metro Station","Dubai Mall","Dubai International Airport","","1","",""
"0120230806000696","2023-08-06 23:35:20","2023-06-01 00:00:00","2024-05-31 00:00:00","New","Al Baraha","15000","15000","Non Free Hold","18.96","Unit","Flat","","Residential","Salah Al Din Metro Station","Dubai Mall","Dubai International Airport","","1","",""
"0120230806000698","2023-08-06 23:40:27","2023-06-01 00:00:00","2024-05-31 00:00:00","New","Al Baraha","15000","15000","Non Free Hold","14.69","Unit","Flat","","Residential","Salah Al Din Metro Station","Dubai Mall","Dubai International Airport","","1","",""
"0120230806000700","2023-08-06 23:46:15","2023-06-01 00:00:00","2024-05-31 00:00:00","New","Al Baraha","15000","15000","Non Free Hold","15","Unit","Flat","","Residential","Salah Al Din Metro Station","Dubai Mall","Dubai International Airport","","1","",""
"0220190122002231","2023-08-06 20:16:21","2023-01-25 00:00:00","2024-01-24 00:00:00","Renewed","Jabal Ali First","29000","29000","Free Hold","49","Unit","Flat","","Residential","Harbour Tower","Ibn-e-Battuta Mall","Sports City Swimming Academy","","1","",""
"0220190820001178","2023-08-06 19:44:28","2023-08-16 00:00:00","2024-08-15 00:00:00","Renewed","Business Bay","48400","48400","Free Hold","39","Unit","Flat","","Residential","Business Bay Metro Station","Dubai Mall","Downtown Dubai","","1","","BAY'S EDGE"
"0220190909000331","2023-08-06 18:55:31","2022-09-16 00:00:00","2023-09-15 00:00:00","Renewed","Nadd Hessa","35000","35000","Free Hold","71","Unit","Flat","","Residential","","","IMG World Adventures","","1","","CORAL RESIDENCE"
"0220200623001123","2023-08-06 16:01:47","2022-08-10 00:00:00","2023-08-09 00:00:00","Renewed","Al Thanyah Fifth","105000","105000","Free Hold","150","Unit","Flat","","Residential","Damac Properties","Marina Mall","Burj Al Arab","","1","",""
"0220200723003667","2023-08-06 15:40:20","2023-07-25 00:00:00","2024-07-24 00:00:00","Renewed","Al Warsan First","31000","31000","Free Hold","69","Unit","Flat","","Residential","Rashidiya Metro Station","City Centre Mirdif","","","1","",""
"0220200728004887","2023-08-06 16:07:23","2023-08-01 00:00:00","2024-07-31 00:00:00","Renewed","Hadaeq Sheikh Mohammed Bin Rashid","140000","140000","Free Hold","202","Villa","Villa","4","Residential","First Abu Dhabi Bank Metro Station","Mall of the Emirates","Global Village","","1","","MAPLE 2 "
"0220210306001173","2023-08-06 16:55:32","2023-03-05 00:00:00","2024-03-04 00:00:00","Renewed","Al Thanyah Fifth","110000","110000","Free Hold","153","Unit","Flat","","Residential","Damac Properties","Marina Mall","Burj Al Arab","","1","","AL SEEF II"
"0220210711001224","2023-08-06 19:39:57","2023-07-12 00:00:00","2024-07-11 00:00:00","Renewed","Al Hebiah Fourth","43500","43500","Free Hold","76","Unit","Flat","","Residential","Nakheel Metro Station","Marina Mall","Sports City Swimming Academy","","1","","ELITE 8 SPORTS RESIDENCE"
"0220210718002160","2023-08-06 22:23:07","2023-07-12 00:00:00","2024-07-11 00:00:00","Renewed","Wadi Al Safa 7","302000","302000","Free Hold","608","Villa","Villa","4","Residential","","","Motor City","","1","","ARABIAN RANCHES- ROSA COMMUNITY"
"0220210811002232","2023-08-06 16:38:36","2023-08-10 00:00:00","2024-08-09 00:00:00","Renewed","Wadi Al Safa 5","88500","88500","Free Hold","162","Villa","Villa","2","Residential","","","IMG World Adventures","","1","","Villanova Amaranta A "
"0220210908000454","2023-08-06 17:52:30","2023-09-04 00:00:00","2024-09-03 00:00:00","Renewed","Burj Khalifa","85000","85000","Free Hold","91","Unit","Flat","","Residential","Buj Khalifa Dubai Mall Metro Station","Dubai Mall","Downtown Dubai","","1","",""
"0220220308000249","2023-08-06 16:22:05","2023-02-11 00:00:00","2024-02-10 00:00:00","Renewed","Al Thanyah Fifth","63000","63000","Free Hold","65","Unit","Flat","","Residential","Jumeirah Lakes Towers","Marina Mall","Sports City Swimming Academy","","1","","GOLD CREST VIEWS2"
"0220220525005178","2023-08-06 16:30:13","2023-05-28 00:00:00","2024-05-27 00:00:00","Renewed","Me'Aisem First","65600","65600","Free Hold","116","Unit","Flat","","Residential","Harbour Tower","Ibn-e-Battuta Mall","Sports City Swimming Academy","","1","","JANNAT"
"0220220619000950","2023-08-06 15:43:16","2023-07-01 00:00:00","2024-06-30 00:00:00","Renewed","Al Hebiah Fifth","40400","40400","Free Hold","44","Unit","Flat","","Residential","","","Motor City","","1","","REMRAAM"
"0220220619000950","2023-08-06 15:43:16","2023-07-01 00:00:00","2024-06-30 00:00:00","Renewed","Al Hebiah Fifth","40400","40400","Free Hold","44","Unit","Flat","","Residential","","","Motor City","","1","","REMRAAM"
"0220220619000950","2023-08-06 15:43:16","2023-07-01 00:00:00","2024-06-30 00:00:00","Renewed","Al Hebiah Fifth","40400","40400","Free Hold","44","Unit","Flat","","Residential","","","Motor City","","1","","Remraam - Al Ramth"
"0220220619000950","2023-08-06 15:43:16","2023-07-01 00:00:00","2024-06-30 00:00:00","Renewed","Al Hebiah Fifth","40400","40400","Free Hold","44","Unit","Flat","","Residential","","","Motor City","","1","","REMRAAM - AL RAMTH 2"
"0220220701000502","2023-08-06 22:04:09","2023-07-03 00:00:00","2024-07-02 00:00:00","Renewed","Hadaeq Sheikh Mohammed Bin Rashid","65000","65000","Free Hold","63","Unit","Flat","","Residential","First Abu Dhabi Bank Metro Station","Mall of the Emirates","Burj Al Arab","","1","","Park Point"
"0220220705000671","2023-08-06 17:41:35","2023-06-20 00:00:00","2024-06-19 00:00:00","Renewed","Al Thanyah Fifth","60000","60000","Free Hold","79","Unit","Flat","","Residential","Jumeirah Lakes Towers","Marina Mall","Sports City Swimming Academy","","1","",""
"0220220726003325","2023-08-06 18:32:27","2023-08-01 00:00:00","2024-07-31 00:00:00","Renewed","Al Yufrah 2","75000","75000","Free Hold","175","Villa","Villa","3","Residential","","","","","1","","DAMAC HILLS (2) - ZINNIA "
"0220220727003435","2023-08-06 16:32:21","2023-07-28 00:00:00","2024-07-27 00:00:00","Renewed","Jabal Ali First","107000","107000","Free Hold","164","Unit","Flat","","Residential","Ibn Battuta Metro Station","Ibn-e-Battuta Mall","Sports City Swimming Academy","","1","",""
"0220220802001225","2023-08-06 16:00:56","2023-08-15 00:00:00","2024-08-14 00:00:00","Renewed","Al Thanyah Fifth","85000","85000","Free Hold","90","Unit","Flat","","Residential","Damac Properties","Marina Mall","Burj Al Arab","","1","",""
"0220220802004963","2023-08-06 15:30:30","2023-08-04 00:00:00","2024-02-04 00:00:00","Renewed","Palm Jumeirah","80000","159085.71","Free Hold","226","Unit","Flat","","Residential","Palm Jumeirah","Marina Mall","Burj Al Arab","","1","",""
"0220220804001794","2023-08-06 21:44:45","2023-08-07 00:00:00","2024-08-06 00:00:00","Renewed","Madinat Al Mataar","34000","34000","Free Hold","59","Unit","Flat","","Residential","","","Expo 2020 Site","","1","","MAG 5"
"0220220804001794","2023-08-06 21:44:45","2023-08-07 00:00:00","2024-08-06 00:00:00","Renewed","Madinat Al Mataar","34000","34000","Free Hold","59","Unit","Flat","","Residential","","","Expo 2020 Site","","1","","MAG 5 BOULEVARD"
"0220220804004418","2023-08-06 19:09:14","2023-08-05 00:00:00","2024-02-23 00:00:00","Renewed","Al Yelayiss 2","26066","46999.83","Free Hold","45","Unit","Flat","","Residential","","","Dubai Cycling Course","","1","","LIVA"
"0220220804004418","2023-08-06 19:09:14","2023-08-05 00:00:00","2024-02-23 00:00:00","Renewed","Al Yelayiss 2","26066","46999.83","Free Hold","45","Unit","Flat","","Residential","","","Dubai Cycling Course","","1","","UNA"
"0220220804004891","2023-08-06 18:12:12","2023-08-01 00:00:00","2024-07-31 00:00:00","Renewed","Al Hebiah Fourth","28600","28600","Free Hold","38","Unit","Flat","","Residential","Dubai Internet City","Marina Mall","Sports City Swimming Academy","","1","","Hera Tower"
"0220220806000332","2023-08-06 15:28:12","2023-08-03 00:00:00","2024-08-02 00:00:00","Renewed","Hadaeq Sheikh Mohammed Bin Rashid","80000","80000","Free Hold","67","Unit","Flat","","Residential","First Abu Dhabi Bank Metro Station","Mall of the Emirates","Motor City","","1","","Collective"
"0220220807000246","2023-08-06 18:53:08","2023-08-10 00:00:00","2024-08-09 00:00:00","Renewed","Nad Al Shiba Third","157500","157500","Non Free Hold","413","Villa","Villa","","Residential","Creek Metro Station","City Centre Mirdif","","2","1","",""
"0220220809004752","2023-08-06 15:31:27","2023-09-01 00:00:00","2024-08-31 00:00:00","Renewed","Mirdif","130000","130000","Non Free Hold","0","Villa","Villa","","Residential","Rashidiya Metro Station","City Centre Mirdif","Dubai International Airport","0","1","",""
"0220220810006346","2023-08-06 19:43:56","2023-08-12 00:00:00","2024-08-11 00:00:00","Renewed","Jabal Ali First","130000","130000","Free Hold","168","Villa","Villa","3","Residential","ENERGY Metro Station","Ibn-e-Battuta Mall","Expo 2020 Site","","1","",""
"0220220811002519","2023-08-06 17:48:28","2023-08-15 00:00:00","2024-08-14 00:00:00","Renewed","Al Thanyah Third","65000","65000","Free Hold","70","Unit","Flat","","Residential","Dubai Internet City","Marina Mall","Burj Al Arab","","1","",""
"0220220816002790","2023-08-06 19:01:18","2023-08-17 00:00:00","2024-08-16 00:00:00","Renewed","Hadaeq Sheikh Mohammed Bin Rashid","185000","185000","Free Hold","202","Villa","Villa","3","Residential","First Abu Dhabi Bank Metro Station","Mall of the Emirates","Motor City","","1","","MAPLE 2 "
"0220220824004379","2023-08-06 17:20:27","2023-09-01 00:00:00","2024-08-31 00:00:00","Renewed","Al Yelayiss 2","55650","55650","Free Hold","93","Unit","Flat","","Residential","","","Dubai Cycling Course","","1","","TOWN SQUARE JENNA AND WARDA"
"0220220828000892","2023-08-06 16:52:13","2023-08-06 00:00:00","2024-08-05 00:00:00","Renewed","Marsa Dubai","88000","88000","Free Hold","139","Unit","Flat","","Residential","Jumeirah Beach Residency","Marina Mall","Sports City Swimming Academy","","1","",""
"0220220831003124","2023-08-06 19:18:00","2023-09-01 00:00:00","2024-08-31 00:00:00","Renewed","Wadi Al Safa 5","46000","46000","Free Hold","102","Unit","Flat","","Residential","","","IMG World Adventures","","1","","SKY COURTS"
"0220230723000783","2023-08-06 18:21:30","2023-08-01 00:00:00","2024-07-15 00:00:00","Renewed","Nad Al Shiba First","62330","65131.35","Free Hold","85","Unit","Flat","","Residential","Business Bay Metro Station","Dubai Mall","Downtown Dubai","","1","","THE POLO RESIDENCE"
"0220230806000233","2023-08-06 15:49:58","2023-08-08 00:00:00","2024-08-07 00:00:00","New","Jabal Ali First","30000","30000","Free Hold","51","Unit","Flat","","Residential","","","","","1","",""
"0220230806000241","2023-08-06 15:53:10","2023-08-05 00:00:00","2024-08-04 00:00:00","New","Al Merkadh","67500","67500","Free Hold","48","Unit","Flat","","Residential","Buj Khalifa Dubai Mall Metro Station","Dubai Mall","Downtown Dubai","","1","","Sobha Hartland Waves"
"0220230806000251","2023-08-06 16:01:26","2023-08-15 00:00:00","2024-08-14 00:00:00","New","Al Barsha South Fourth","76000","76000","Free Hold","73","Unit","Flat","","Residential","Dubai Internet City","Mall of the Emirates","Sports City Swimming Academy","","1","","THE HAVEN RESIDENCES "
"0220230806000270","2023-08-06 16:12:12","2023-08-06 00:00:00","2024-08-05 00:00:00","New","Al Barshaa South Third","65700","65700","Free Hold","71","Unit","Flat","","Residential","First Abu Dhabi Bank Metro Station","Mall of the Emirates","Motor City","","1","",""
"0220230806000272","2023-08-06 16:13:08","2023-08-06 00:00:00","2024-08-05 00:00:00","New","Al Mararr","30000","30000","Non Free Hold","66","Unit","Shop","","Commercial","Palm Deira Metro Stations","Dubai Mall","Dubai International Airport","","1","",""
"0220230806000280","2023-08-06 16:18:12","2023-08-11 00:00:00","2024-08-10 00:00:00","New","Al Warqa First","55000","55000","Non Free Hold","1","Unit","Flat","","Residential","Rashidiya Metro Station","City Centre Mirdif","Dubai International Airport","","1","",""
"0220230806000282","2023-08-06 16:20:07","2023-08-14 00:00:00","2024-08-13 00:00:00","New","Nadd Hessa","250000","250000","Free Hold","429","Villa","Villa","3","Residential","","","IMG World Adventures","","1","",""
"0220230806000297","2023-08-06 16:24:20","2023-08-17 00:00:00","2024-08-16 00:00:00","New","Al Hebiah Sixth","150000","150000","Free Hold","161","Villa","Villa","3","Residential","","","Dubai Cycling Course","","1","","Arabella 3"
"0220230806000300","2023-08-06 16:24:44","2023-08-20 00:00:00","2024-08-19 00:00:00","New","Al Barsha South Fourth","170000","170000","Free Hold","236","Unit","Flat","","Residential","Dubai Internet City","Marina Mall","Sports City Swimming Academy","","1","","HAMENI"
"0220230806000309","2023-08-06 16:31:08","2023-08-05 00:00:00","2024-08-04 00:00:00","New","Madinat Hind 4","80000","80000","Free Hold","177","Villa","Villa","3","Residential","","","","","1","","DAMAC HILLS (2) - MIMOSA "
"0220230806000330","2023-08-06 16:40:17","2023-07-20 00:00:00","2024-07-19 00:00:00","New","Al Barsha South Fourth","42000","42000","Free Hold","41","Unit","Flat","","Residential","Dubai Internet City","Mall of the Emirates","Sports City Swimming Academy","","1","","joya verde residences dubai"
"0220230806000339","2023-08-06 16:43:30","2023-08-10 00:00:00","2024-08-09 00:00:00","New","Al Thanyah Third","112500","112500","Free Hold","105","Unit","Flat","","Residential","Dubai Internet City","Marina Mall","Burj Al Arab","","1","",""
"0220230806000346","2023-08-06 16:50:31","2023-08-05 00:00:00","2024-08-04 00:00:00","New","Al Hebiah First","105000","105000","Free Hold","135","Unit","Flat","","Residential","Sharaf Dg Metro Station","Mall of the Emirates","Motor City","","1","",""
"0220230806000360","2023-08-06 17:00:40","2023-08-03 00:00:00","2024-08-02 00:00:00","New","Marsa Dubai","65000","65000","Free Hold","71","Unit","Flat","","Residential","Mina Seyahi","Marina Mall","Burj Al Arab","","1","","MARINA PINNACLE"
"0220230806000379","2023-08-06 17:09:14","2023-08-10 00:00:00","2024-08-09 00:00:00","New","Al Barsha First","78000","78000","Non Free Hold","91","Unit","Flat","","Residential","Sharaf Dg Metro Station","Mall of the Emirates","Burj Al Arab","","1","",""
"0220230806000383","2023-08-06 17:11:38","2023-08-05 00:00:00","2024-08-04 00:00:00","New","Jabal Ali First","38000","38000","Free Hold","51","Unit","Flat","","Residential","Harbour Tower","Ibn-e-Battuta Mall","Sports City Swimming Academy","","1","",""
"0220230806000400","2023-08-06 17:26:38","2023-07-01 00:00:00","2024-06-30 00:00:00","New","Marsa Dubai","96500","96500","Free Hold","65","Unit","Flat","","Residential","Jumeirah Lakes Towers","Marina Mall","Burj Al Arab","","1","","WEST AVENUE"
"0220230806000409","2023-08-06 17:30:58","2023-08-09 00:00:00","2024-08-08 00:00:00","New","Al Merkadh","80000","80000","Free Hold","73","Unit","Flat","","Residential","Business Bay Metro Station","Dubai Mall","Downtown Dubai","","1","","Mohammed Bin Rashid Al Maktoum City , District One Phase III  , Residences 1"
"0220230806000499","2023-08-06 18:35:19","2023-08-11 00:00:00","2024-08-10 00:00:00","New","Al Yelayiss 2","72000","72000","Free Hold","82","Unit","Flat","","Residential","","","Dubai Cycling Course","","1","","TOWN SQUARE SAFI"
"0220230806000507","2023-08-06 18:40:20","2023-08-20 00:00:00","2024-08-19 00:00:00","New","Al Barsha South Fourth","71000","71000","Free Hold","56","Unit","Flat","","Residential","Dubai Internet City","Mall of the Emirates","Sports City Swimming Academy","","1","","Oxford 212"
"0220230806000520","2023-08-06 18:52:19","2023-08-06 00:00:00","2024-08-05 00:00:00","New","Jabal Ali First","80000","80000","Free Hold","100","Unit","Flat","","Residential","Ibn Battuta Metro Station","Ibn-e-Battuta Mall","Sports City Swimming Academy","","1","","EQUITI RESIDENCE "
"0220230806000530","2023-08-06 19:02:30","2023-08-07 00:00:00","2023-12-05 00:00:00","New","Hadaeq Sheikh Mohammed Bin Rashid","40660","123005.04","Free Hold","206","Villa","Villa","4","Residential","First Abu Dhabi Bank Metro Station","Mall of the Emirates","Motor City","","1","","MAPLE 2 "
"0220230806000534","2023-08-06 19:06:56","2023-08-07 00:00:00","2024-08-31 00:00:00","New","Al Yelayiss 2","55000","55000","Free Hold","87","Unit","Flat","","Residential","","","Dubai Cycling Course","","1","","HAYAT BOULEVARD"
"0220230806000552","2023-08-06 19:18:39","2023-07-28 00:00:00","2024-07-27 00:00:00","New","Al Barsha South Fourth","76000","76000","Free Hold","75","Unit","Flat","","Residential","Dubai Internet City","Mall of the Emirates","Sports City Swimming Academy","","1","","THE HAVEN RESIDENCES "
"0220230806000557","2023-08-06 19:25:16","2023-08-10 00:00:00","2024-08-09 00:00:00","New","Wadi Al Safa 5","29000","29000","Free Hold","36","Unit","Flat","","Residential","","","IMG World Adventures","","1","","BLUE WAVE"
"0220230806000566","2023-08-06 19:34:28","2023-08-01 00:00:00","2024-07-31 00:00:00","New","Al Hebiah Fifth","135000","135000","Free Hold","205","Unit","Flat","","Residential","","","Motor City","","1","","REMRAAM - AL RAMTH 2"
"0220230806000566","2023-08-06 19:34:28","2023-08-01 00:00:00","2024-07-31 00:00:00","New","Al Hebiah Fifth","135000","135000","Free Hold","205","Unit","Flat","","Residential","","","Motor City","","1","","REMRAAM"
"0220230806000566","2023-08-06 19:34:28","2023-08-01 00:00:00","2024-07-31 00:00:00","New","Al Hebiah Fifth","135000","135000","Free Hold","205","Unit","Flat","","Residential","","","Motor City","","1","","Remraam - Al Ramth"
"0220230806000566","2023-08-06 19:34:28","2023-08-01 00:00:00","2024-07-31 00:00:00","New","Al Hebiah Fifth","135000","135000","Free Hold","205","Unit","Flat","","Residential","","","Motor City","","1","","REMRAAM"
"0220230806000568","2023-08-06 19:35:23","2023-08-01 00:00:00","2024-07-31 00:00:00","New","Wadi Al Safa 7","260000","260000","Free Hold","271","Villa","Villa","4","Residential","","","Motor City","","1","","AR II - Reem Community"
"0220230806000577","2023-08-06 19:42:39","2023-08-06 00:00:00","2024-08-05 00:00:00","New","Al Thanyah Fifth","43000","43000","Free Hold","35","Unit","Flat","","Residential","Jumeirah Lakes Towers","Marina Mall","Sports City Swimming Academy","","1","","NEW DUBAI GATE2"
"0220230806000590","2023-08-06 19:54:42","2023-08-07 00:00:00","2024-08-06 00:00:00","New","Al Barshaa South Third","37000","37000","Free Hold","56","Unit","Flat","","Residential","Sharaf Dg Metro Station","Mall of the Emirates","Motor City","","1","","LINCOLN PARK ( NORTH SIDE)"
"0220230806000593","2023-08-06 19:59:25","2023-08-05 00:00:00","2024-08-04 00:00:00","New","Al Hebiah Third","195000","195000","Free Hold","282","Villa","Villa","3","Residential","","","Motor City","","1","","DAMAC HILLS- PELHAM "
"0220230806000596","2023-08-06 20:01:40","2023-08-08 00:00:00","2024-08-07 00:00:00","New","Al Hebiah Fourth","45000","45000","Free Hold","79","Unit","Flat","","Residential","Dubai Internet City","Marina Mall","Sports City Swimming Academy","","1","","ELITE 5 SPORTS RESIDENCE"
"0220230806000602","2023-08-06 20:08:21","2023-08-04 00:00:00","2024-08-03 00:00:00","New","Marsa Dubai","155000","155000","Free Hold","117","Unit","Flat","","Residential","Marina Towers","Marina Mall","Burj Al Arab","","1","","CAYAN TOWER"
"0220230806000604","2023-08-06 20:09:56","2023-08-12 00:00:00","2024-08-11 00:00:00","New","Al Hebiah Fourth","175000","175000","Free Hold","145","Villa","Villa","3","Residential","","","","","1","",""
"0220230806000611","2023-08-06 20:14:56","2023-07-06 00:00:00","2024-07-05 00:00:00","New","Madinat Al Mataar","190000","190000","Free Hold","419","Villa","Villa","4","Residential","","","Al Makhtoum International Airport","","1","","GOLF LINKS "
"1589736775","2023-08-06 16:37:29","2023-08-01 00:00:00","2024-07-31 00:00:00","Renewed","Al Qusais Industrial First","95000","95000","Non Free Hold","185.81","Unit","Store","","Industrial","Airport Free Zone","City Centre Mirdif","Dubai International Airport","","1","",""
"57617745","2023-08-06 16:35:10","2023-08-16 00:00:00","2024-08-15 00:00:00","Renewed","Al Hamriya","27000","27000","Non Free Hold","1","Unit","Flat","","Residential","Burjuman Metro Station","Dubai Mall","Dubai International Airport","","1","",""
